source,question,answer
policy,保单等待期内出险可以赔吗？,等待期内出险是否赔付需要以保单条款和事故类型为准；通常疾病类责任在等待期内可能不承担赔付责任，意外事故应按条款另行核定。
claim_material,理赔申请需要哪些材料？,理赔申请通常需要理赔申请书、身份证明、保单信息、银行卡信息、发票或费用清单、病历或诊断证明，以及事故证明等与案件类型相关的材料。
liability,事故是否属于保险责任如何判断？,应结合保单条款、事故原因、出险时间、保障范围、等待期、免赔额和除外责任综合判断；资料不足时只能标记为待核定，不能直接确认赔付。
exclusion,哪些情况可能属于除外责任？,酒驾、故意行为、违法犯罪、既往症未如实告知、免责条款列明情形或事故原因不属于保障范围时，可能触发除外责任；这些情形通常不能赔付或不承担赔付责任，应依据保单条款和调查材料核定。
settlement,赔付金额可以直接承诺吗？,赔付金额不能在资料未核定前直接承诺，应在责任确认、材料完整、费用审核和免赔额/赔付比例计算完成后，由理赔审核流程给出结论。
policy,保单复效后出险要重点看什么？,保单复效后出险应重点核对复效时间、等待期、欠费记录、健康告知和条款约定，不能只看当前保单是否有效。
claim_material,理赔材料影像不清晰可以进入审核吗？,理赔材料影像不清晰时应先要求补传或补充原件核验；关键材料无法识别会影响责任判断、费用审核和结算时效。
liability,事故责任存在争议时如何处理？,事故责任存在争议时应补充事故证明、第三方认定、现场资料和调查记录；责任未确认前只能标记为待核定，不能直接确认赔付。
exclusion,既往症未如实告知会有什么影响？,既往症未如实告知可能影响保险责任认定，需结合投保告知、病历记录、条款约定和因果关系核定，不能简单口头判断。
settlement,收款账户和被保险人不一致可以打款吗？,收款账户与被保险人不一致时应核验授权、关系证明和账户信息，未经审核确认不应直接打款。
